{
  "project_info": {
    "project_number": "921677121877",
    "firebase_url": "https://ibin-aac48.firebaseio.com",
    "project_id": "ibin-aac48",
    "storage_bucket": "ibin-aac48.appspot.com"
  },
  "client": [
    {
      "client_info": {
        "mobilesdk_app_id": "1:921677121877:android:763094d7882e3677",
        "android_client_info": {
          "package_name": "project.revolutionfour.com.ibin"
        }
      },
      "oauth_client": [
        {
          "client_id": "921677121877-krej68ptvk9lpurrsg1cro4ddtp1s4rk.apps.googleusercontent.com",
          "client_type": 3
        }
      ],
      "api_key": [
        {
          "current_key": "AIzaSyDyHrSwPmLTCdoqMv3k8CfEHcpFFjdVylw"
        }
      ],
      "services": {
        "analytics_service": {
          "status": 1
        },
        "appinvite_service": {
          "status": 1,
          "other_platform_oauth_client": []
        },
        "ads_service": {
          "status": 2
        }
      }
    }
  ],
  "configuration_version": "1"
}